Plot,image ID
KDM1,223
KDM2,224
KDM3,225
KDM4,226
KDM5,227
KDM6,228
KDM7,229
KDM8,230
KDM9,231
KDM10,258
KDM11,259
KDM12,260
KDM13,NA
KDM14,261
KDM15,257
KDM16,256
KDM17,NA
KDM18,232
KDM19,233
KDM20,234
KDM21,235
KDM22,236
KDM23,237
KT1,192
KT2,194
KT3,196
KT4,197
KT5,198
KT6,199
KT7,200
KT8,201
KT9,202
KT10,203
KT11,204
KT12,205
KT13,206
KT14,207
KT15,208
KT16,209
KT17,213
KT18,214
KT19,215
KT20,216
KT21,217
KT22,270
KT23,271
KT24,272
KT25,267
KT26,268
KT27,269
KT28,273
KT29,262
KT30,266
KT31,263
KT32,265
KT33,264
KT34,222
KT35,219
KT36,218
KT37,NA
VG1,5221
VG2,5223
VG3,5224
VG4,5230
VG5,5232
VG6,5225
VG7,5226
VG8,5227
VG9,5228
VG10,5229
VG11,5196
VG12,5197
VG13,5199
VG14,5204
VG15,5200
VG16,5202
VG17,5205
VG18,5212
VG19,5211
VG20,5210
VG21,5209
VG22,5208
VG23,5220
VG24,5219
VG25,5218
VG26,5207
VG27,5214
VG28,5213
VG29,5215
VG30,5216
VG31,5217
VG32,5244
VG33,5243
VG34,5242
VG35,5241
VG36,5240
VG37,5239
VG38,5238
VG39,5236
VG40,5237
VG41,5233
VG42,5234
VG43,5235
DG1,5245
DG2,5246
DG3,5247
DG4,5249
DG5,5250
DG6,5248
DG7,5253
DG8,5252
DG9,5254
DG10,5267
DG11,5268
DG12,5270
DG13,5266
DG14,5262
DG15,5264
DG16,5255
DG17,5256
DG18,5263
DG19,5261
DG20,5258
DG21,5257
DG22,5260
DG23,5259
KDM24,5295
KDM25,5297
KDM26,5298
KDM27,5299
KDM28,5300
KDM29,5301
KDM30,5302
KDM31,5303
KDM32,5304
KDM33,5307
KDM34,5306
KDM35,5305
KDM36,5309
KDM37,5308
KDM38,5310
KDM39,5311
KDM40,5312
KDM41,5313
KDM42,5314
KDM43,5315
KDM44,5316
KDM45,5317
